Date,Time,ITemp,IHumidity,OTemp,OHumidity,Pressure
30.06.2021,00:05:34,22.20,60.80,22.06,54.66,1017.64
01.11.2021,01:05:39,22.10,60.80,21.87,54.57,1017.58
01.11.2021,02:05:44,21.90,60.50,21.71,54.37,1017.45
01.11.2021,03:05:49,21.70,60.10,21.53,54.12,1017.53
01.11.2021,04:05:54,21.50,59.80,21.34,53.81,1017.42
01.11.2021,05:05:59,21.30,59.40,21.16,53.52,1017.41
01.11.2021,06:06:04,21.50,59.20,21.28,53.54,1017.47
01.11.2021,07:06:09,21.60,59.00,21.35,53.27,1017.40
01.11.2021,08:06:14,21.60,59.20,21.48,53.20,1017.65
01.11.2021,09:06:19,21.80,58.80,21.64,52.99,1017.75
01.11.2021,10:06:23,22.00,58.80,21.78,52.91,1017.56
01.11.2021,11:06:28,22.10,58.70,21.93,52.53,1017.45
01.11.2021,12:06:33,22.20,58.60,22.06,52.38,1017.53
01.11.2021,13:06:38,22.30,58.40,22.17,52.20,1017.47
01.11.2021,14:06:43,22.60,58.40,22.42,52.14,1017.30
01.11.2021,15:06:48,22.90,58.90,22.64,52.56,1017.19
01.11.2021,16:06:53,22.90,58.50,22.71,52.31,1016.76
01.11.2021,17:06:58,22.90,58.90,22.76,52.55,1016.54
01.11.2021,18:07:03,23.00,59.10,22.78,52.96,1016.24
01.11.2021,19:07:08,23.00,58.90,22.79,52.94,1016.02
01.11.2021,20:07:13,22.90,59.70,22.75,53.35,1016.23
01.11.2021,21:07:18,22.90,59.90,22.75,53.61,1016.36
01.11.2021,22:07:22,22.90,60.30,22.76,53.87,1016.59
01.11.2021,23:07:27,22.80,59.60,22.64,53.44,1016.69
01.11.2021,24:07:32,22.60,59.00,22.46,53.09,1016.71
02.11.2021,01:07:37,22.50,58.90,22.31,52.95,1016.44
02.11.2021,02:07:42,22.30,58.70,22.14,52.88,1016.13
02.11.2021,03:07:47,22.10,58.60,22.00,52.84,1015.73
02.11.2021,04:07:52,22.10,58.50,21.88,52.79,1015.55
02.11.2021,05:07:57,21.90,58.50,21.75,52.78,1015.46
02.11.2021,06:08:02,22.00,59.10,21.80,53.27,1015.61
02.11.2021,07:08:07,22.10,58.50,21.85,52.79,1015.80
02.11.2021,08:08:12,22.00,58.70,21.81,52.97,1015.93
02.11.2021,09:08:17,22.20,59.40,22.07,53.31,1016.48
02.11.2021,10:08:22,22.00,60.40,21.89,54.15,1016.29
02.11.2021,11:08:26,22.20,60.20,22.06,53.78,1016.01
02.11.2021,12:08:31,22.50,59.40,22.31,53.09,1015.59
02.11.2021,13:08:36,22.70,58.10,22.59,52.27,1015.44
02.11.2021,14:08:41,23.00,58.40,22.78,52.70,1014.94
02.11.2021,15:08:46,23.10,58.40,22.98,52.53,1014.85
02.11.2021,16:08:51,23.50,58.10,23.34,52.55,1014.43
02.11.2021,17:08:56,23.70,58.10,23.55,52.24,1014.23
02.11.2021,18:09:01,23.60,58.30,23.53,52.38,1014.05
02.11.2021,19:09:06,23.70,58.60,23.54,52.79,1013.83
02.11.2021,20:09:11,23.70,58.30,23.57,52.75,1013.62
02.11.2021,21:09:16,23.70,59.70,23.59,53.45,1013.71
02.11.2021,22:09:21,23.80,60.10,23.68,53.82,1013.82
02.11.2021,23:09:26,23.80,60.30,23.70,53.94,1013.78
02.11.2021,24:09:30,23.80,60.30,23.70,53.98,1013.52
03.11.2021,01:09:35,23.70,60.50,23.60,54.04,1013.48
03.11.2021,02:09:40,23.50,60.40,23.42,53.93,1013.26
03.11.2021,03:09:45,23.40,60.40,23.30,53.98,1013.14
03.11.2021,04:09:50,23.30,60.50,23.19,54.00,1012.63
03.11.2021,05:09:55,23.20,60.50,23.07,54.08,1012.25
03.11.2021,06:10:00,23.10,60.60,22.98,54.18,1011.84
03.11.2021,07:10:05,23.00,60.70,22.93,54.22,1011.67
03.11.2021,08:10:10,23.10,60.90,22.93,54.48,1011.62
03.11.2021,09:10:15,23.10,61.00,23.03,54.48,1011.25
03.11.2021,10:10:20,23.20,60.70,23.13,54.32,1011.01
03.11.2021,11:10:25,23.00,63.70,22.93,56.79,1010.93
03.11.2021,12:10:29,23.30,64.40,23.17,57.42,1010.91
03.11.2021,13:10:34,23.40,63.20,23.24,56.25,1010.54
03.11.2021,14:10:39,23.60,61.80,23.44,54.62,1010.18
03.11.2021,15:10:44,23.60,62.00,23.51,54.89,1009.87
03.11.2021,16:10:49,23.70,61.20,23.57,54.54,1009.69
03.11.2021,17:10:54,23.60,62.60,23.42,56.13,1009.43
03.11.2021,18:10:59,23.50,60.70,23.34,54.35,1009.09
03.11.2021,19:11:04,23.40,61.00,23.24,54.55,1008.92
03.11.2021,20:11:09,23.00,62.70,22.80,56.39,1008.94
03.11.2021,21:11:14,22.10,65.00,22.06,57.95,1009.19
03.11.2021,22:11:19,22.90,62.60,22.67,56.03,1009.40
03.11.2021,23:11:24,23.00,61.70,22.85,55.24,1009.20
03.11.2021,24:11:29,23.10,60.30,22.87,54.06,1008.94
04.11.2021,01:11:33,23.00,59.60,22.87,53.46,1008.78
04.11.2021,02:11:38,23.00,60.30,22.91,53.93,1008.59
04.11.2021,03:11:43,23.00,60.40,22.83,54.05,1008.35
04.11.2021,04:11:48,22.90,60.50,22.73,54.08,1008.32
04.11.2021,05:11:53,22.80,60.40,22.64,54.04,1008.26
04.11.2021,06:11:58,22.70,60.60,22.57,54.20,1008.10
04.11.2021,07:12:03,22.60,60.70,22.56,54.28,1007.62
04.11.2021,08:12:08,22.80,60.60,22.69,54.19,1007.45
04.11.2021,09:12:13,22.90,60.60,22.77,54.19,1007.44
04.11.2021,10:12:18,23.00,60.60,22.84,54.19,1007.13
04.11.2021,11:12:23,23.10,62.10,22.94,55.44,1006.70
04.11.2021,12:12:28,22.60,65.00,22.48,58.17,1006.00
04.11.2021,13:12:32,22.90,61.30,22.76,54.77,1005.23
04.11.2021,14:12:37,22.60,65.40,22.43,58.45,1005.22
04.11.2021,15:12:42,22.80,59.00,22.63,53.30,1005.18
04.11.2021,16:12:47,23.20,60.80,23.07,54.51,1004.34
04.11.2021,17:12:52,23.50,60.60,23.35,54.35,1003.91
04.11.2021,18:12:57,23.60,59.50,23.43,53.49,1003.96
04.11.2021,19:13:02,23.70,60.60,23.53,54.23,1003.74
04.11.2021,20:13:07,23.90,61.00,23.72,54.04,1003.69
04.11.2021,21:13:12,23.90,61.40,23.73,54.42,1003.99
04.11.2021,22:13:17,23.90,61.70,23.72,54.82,1004.40
04.11.2021,23:13:22,23.80,61.70,23.69,55.03,1004.58
04.11.2021,24:13:27,23.60,61.60,23.49,55.04,1004.70
05.11.2021,01:13:32,23.50,60.90,23.34,54.43,1004.52
05.11.2021,02:13:36,23.30,60.90,23.13,54.35,1004.43
05.11.2021,03:13:41,23.10,60.80,22.96,54.32,1004.32
05.11.2021,04:13:46,23.00,60.60,22.84,54.23,1004.46
05.11.2021,05:13:51,23.00,60.60,22.82,54.26,1004.56
05.11.2021,06:13:56,23.10,60.70,22.91,54.22,1004.74
05.11.2021,07:14:01,23.10,60.40,22.95,54.10,1004.48
05.11.2021,08:14:06,23.20,60.10,23.09,53.85,1004.72
05.11.2021,09:14:11,23.40,59.30,23.27,53.11,1004.96
05.11.2021,10:14:16,23.50,59.00,23.33,52.98,1004.77
05.11.2021,11:14:21,23.60,59.10,23.45,53.04,1004.35
05.11.2021,12:14:26,23.70,58.90,23.57,52.85,1004.40
05.11.2021,13:14:31,23.70,54.80,23.55,49.08,1004.14
05.11.2021,14:14:35,23.90,58.40,23.73,52.60,1003.55
05.11.2021,15:14:40,24.20,58.80,24.00,52.94,1003.39
05.11.2021,16:14:45,24.10,43.00,23.95,39.46,1003.00
05.11.2021,17:14:50,23.50,44.90,23.42,40.59,1002.82
05.11.2021,18:14:55,23.30,49.80,23.19,45.55,1002.39
05.11.2021,19:15:00,23.60,52.40,23.44,47.46,1001.91
05.11.2021,20:15:05,23.60,51.20,23.47,46.29,1001.26
05.11.2021,21:15:10,23.60,51.60,23.49,46.73,1000.83
05.11.2021,22:15:15,23.70,53.20,23.52,48.16,1000.13
05.11.2021,23:15:20,23.50,53.80,23.37,48.69,998.74
05.11.2021,24:15:24,23.30,54.40,23.21,49.22,997.09
06.11.2021,01:15:29,23.20,54.90,23.09,49.63,995.96
06.11.2021,02:15:34,23.10,55.40,23.00,50.03,994.86
06.11.2021,03:15:39,23.10,55.90,22.90,50.47,994.67
06.11.2021,04:15:44,23.00,56.10,22.81,50.66,994.38
06.11.2021,05:15:49,22.90,56.50,22.75,50.93,994.13
06.11.2021,06:15:53,23.00,56.40,22.85,50.86,993.99
06.11.2021,07:15:58,22.90,56.30,22.77,50.82,993.56
06.11.2021,08:16:03,22.80,56.40,22.67,50.89,992.94
06.11.2021,09:16:08,22.90,56.70,22.72,51.21,993.14
06.11.2021,10:16:13,23.00,56.60,22.82,51.14,994.16
06.11.2021,11:16:18,23.10,57.30,22.99,51.53,995.12
06.11.2021,12:16:22,23.20,57.30,23.06,51.62,996.40
06.11.2021,13:16:27,23.40,57.20,23.25,51.16,997.58
06.11.2021,14:16:32,23.50,57.00,23.40,51.03,998.78
06.11.2021,15:16:37,23.60,57.00,23.46,51.91,999.86
06.11.2021,16:16:42,23.60,57.30,23.51,51.47,1000.96
06.11.2021,17:16:47,23.80,57.00,23.62,51.37,1001.43
06.11.2021,18:16:52,23.90,56.50,23.87,50.63,1001.86
06.11.2021,19:16:57,24.00,56.50,23.94,50.54,1002.55
06.11.2021,20:17:02,24.00,57.70,24.02,51.50,1003.35
06.11.2021,21:17:07,24.00,57.80,23.93,51.60,1004.01
06.11.2021,22:17:12,23.90,57.30,23.81,51.23,1004.66
06.11.2021,23:17:16,23.60,57.00,23.59,51.15,1004.91
06.11.2021,24:17:21,23.30,57.10,23.24,51.27,1005.06
07.11.2021,01:17:26,23.10,57.00,22.96,51.26,1005.20
07.11.2021,02:17:31,22.90,57.00,22.76,51.29,1005.28
07.11.2021,03:17:36,22.70,56.90,22.58,51.33,1005.34
07.11.2021,04:17:41,22.60,56.90,22.45,51.31,1005.82
07.11.2021,05:17:46,22.50,57.10,22.38,51.46,1006.35
07.11.2021,06:17:51,22.60,57.50,22.47,51.89,1006.93
07.11.2021,07:17:56,22.70,56.80,22.55,51.30,1007.36
07.11.2021,08:18:01,22.70,56.40,22.57,50.97,1007.98
07.11.2021,09:18:06,22.90,56.40,22.71,50.83,1008.61
07.11.2021,10:18:10,22.90,57.30,22.75,51.39,1009.03
07.11.2021,11:18:15,23.00,56.90,22.91,51.21,1009.60
07.11.2021,12:18:20,23.10,57.00,23.04,51.19,1010.20
07.11.2021,13:18:25,23.20,57.20,23.11,51.29,1010.50
07.11.2021,14:18:30,23.30,57.20,23.26,51.33,1010.75
07.11.2021,15:18:35,23.60,56.90,23.48,51.17,1011.00
07.11.2021,16:18:40,23.70,57.30,23.54,51.32,1011.31
07.11.2021,17:18:45,23.70,57.30,23.59,51.38,1011.75
07.11.2021,18:18:50,23.50,51.60,23.38,46.80,1012.04
07.11.2021,19:18:55,23.30,54.50,23.25,49.15,1012.74
07.11.2021,20:19:00,23.40,56.30,23.26,50.71,1013.26
07.11.2021,21:19:05,23.30,56.00,23.22,50.47,1013.97
07.11.2021,22:19:10,23.30,55.30,23.17,49.87,1014.72
07.11.2021,23:19:15,23.30,55.40,23.10,50.03,1015.03
07.11.2021,24:19:19,23.10,55.70,22.99,50.30,1015.25
08.11.2021,01:19:24,23.00,56.00,22.85,50.53,1015.56
08.11.2021,02:19:29,22.90,56.20,22.71,50.69,1015.99
08.11.2021,03:19:34,22.70,56.30,22.58,50.73,1016.09
08.11.2021,04:19:39,22.60,56.40,22.44,50.83,1016.21
08.11.2021,05:19:44,22.50,56.50,22.33,50.94,1016.43
08.11.2021,06:19:49,22.50,56.70,22.32,51.05,1016.78
08.11.2021,07:19:54,22.70,56.20,22.56,50.68,1017.56
08.11.2021,08:19:59,22.70,56.30,22.55,50.86,1017.95
08.11.2021,09:20:04,22.80,56.50,22.68,50.96,1018.39
08.11.2021,10:20:09,22.80,57.10,22.71,51.36,1018.44
08.11.2021,11:20:14,23.00,57.50,22.83,51.65,1018.54
08.11.2021,12:20:18,23.10,57.30,22.94,51.47,1018.53
08.11.2021,13:20:23,23.20,57.40,23.10,51.38,1018.60
08.11.2021,14:20:28,23.30,57.50,23.18,51.38,1018.76
08.11.2021,15:20:33,23.40,57.40,23.23,51.58,1018.86
08.11.2021,16:20:38,23.40,57.70,23.30,51.55,1018.83
08.11.2021,17:20:43,23.50,57.50,23.35,51.41,1018.85
08.11.2021,18:20:48,23.50,57.60,23.47,51.59,1019.01
08.11.2021,19:20:53,23.70,57.80,23.63,51.71,1019.13
08.11.2021,20:20:58,23.80,58.40,23.76,52.18,1019.30
08.11.2021,21:21:03,23.80,59.00,23.72,52.63,1019.87
08.11.2021,22:21:08,23.60,59.70,23.56,53.25,1020.31
08.11.2021,23:21:13,23.60,60.00,23.48,53.58,1020.45
08.11.2021,24:21:17,23.40,59.60,23.29,53.44,1020.47
09.11.2021,01:21:22,23.30,59.60,23.15,53.33,1020.22
09.11.2021,02:21:27,23.10,59.50,23.03,53.32,1020.10
09.11.2021,03:21:32,23.10,59.50,22.93,53.33,1019.90
09.11.2021,04:21:37,23.00,59.40,22.82,53.33,1019.70
09.11.2021,05:21:42,22.90,59.40,22.71,53.34,1019.68
09.11.2021,06:21:47,22.90,59.50,22.75,53.50,1019.76
09.11.2021,07:21:52,23.00,59.70,22.82,53.51,1020.09
09.11.2021,08:21:57,23.00,59.90,22.86,53.79,1020.43
09.11.2021,09:22:02,23.10,60.30,22.96,53.85,1020.59
09.11.2021,10:22:07,23.30,60.00,23.13,53.06,1020.36
09.11.2021,11:22:12,23.50,59.10,23.38,53.56,1020.18
09.11.2021,12:22:16,23.70,59.00,23.57,52.88,1020.10
09.11.2021,13:22:21,23.90,59.40,23.74,53.24,1019.66
09.11.2021,14:22:26,24.10,59.60,23.90,53.47,1019.31
09.11.2021,15:22:31,24.10,59.20,23.95,52.96,1018.97
09.11.2021,16:22:36,24.20,59.30,24.05,52.88,1018.62
09.11.2021,17:22:41,24.20,59.60,24.08,53.12,1018.15
09.11.2021,18:22:46,23.80,61.40,23.68,55.20,1017.94
09.11.2021,19:22:51,23.00,63.20,22.91,56.36,1018.01
09.11.2021,20:22:56,23.50,62.00,23.32,55.21,1018.30
09.11.2021,21:23:01,23.70,62.20,23.54,55.12,1018.49
09.11.2021,22:23:06,23.80,61.90,23.64,54.92,1018.14
09.11.2021,23:23:11,23.80,61.60,23.70,54.84,1017.90
09.11.2021,24:23:15,23.80,61.20,23.70,54.73,1017.90
10.11.2021,01:23:20,23.70,61.00,23.56,54.52,1017.39
10.11.2021,02:23:25,23.60,60.60,23.41,54.24,1017.03
10.11.2021,03:23:30,23.40,59.10,23.21,52.94,1016.63
10.11.2021,04:23:35,23.20,58.30,23.05,52.29,1016.28
10.11.2021,05:23:40,23.00,57.70,22.88,51.87,1016.12
10.11.2021,06:23:45,23.00,57.40,22.76,51.55,1016.25
10.11.2021,07:23:50,22.90,57.20,22.69,51.48,1016.13
10.11.2021,08:23:55,22.90,56.40,22.67,50.96,1016.21
10.11.2021,09:24:00,22.80,55.90,22.66,50.45,1016.05
10.11.2021,10:24:05,22.90,57.70,22.77,51.76,1015.72
10.11.2021,11:24:10,21.60,56.30,21.50,50.66,1015.53
10.11.2021,12:24:15,21.40,58.30,21.32,52.95,1015.25
10.11.2021,13:24:19,21.70,54.30,21.59,49.08,1014.91
10.11.2021,14:24:24,22.10,52.80,21.91,48.14,1014.73
10.11.2021,15:24:29,22.50,55.30,22.33,49.98,1014.60
10.11.2021,16:24:34,22.80,55.70,22.64,50.25,1014.25
10.11.2021,17:24:39,23.00,56.50,22.77,50.77,1014.16
10.11.2021,18:24:44,23.00,56.60,22.82,50.96,1014.19
10.11.2021,19:24:49,23.10,56.50,22.94,50.75,1014.35
10.11.2021,20:24:54,23.10,57.30,23.03,51.44,1014.64
10.11.2021,21:24:59,23.20,58.30,23.12,51.88,1014.91
10.11.2021,22:25:04,23.20,58.00,23.18,51.92,1015.10
10.11.2021,23:25:09,23.30,57.80,23.18,51.81,1015.32
10.11.2021,24:25:14,23.20,56.90,23.06,51.13,1015.39
11.11.2021,01:25:18,23.10,56.60,22.92,50.96,1015.36
11.11.2021,02:25:23,23.00,56.70,22.78,51.02,1015.28
11.11.2021,03:25:28,22.80,56.60,22.67,50.98,1015.09
11.11.2021,04:25:33,22.70,56.40,22.59,50.81,1015.03
11.11.2021,05:25:38,22.60,56.20,22.48,50.70,1015.00
11.11.2021,06:25:43,22.60,56.10,22.42,50.66,1015.23
11.11.2021,07:25:48,22.60,57.40,22.49,51.63,1015.24
11.11.2021,08:25:53,22.80,57.20,22.69,51.50,1015.26
11.11.2021,09:25:58,23.00,56.80,22.85,50.98,1015.23
11.11.2021,10:26:03,23.10,56.50,22.95,50.86,1015.03
11.11.2021,11:26:08,22.70,54.30,22.58,49.16,1014.86
11.11.2021,12:26:13,22.90,54.90,22.73,49.74,1014.63
11.11.2021,13:26:18,23.20,51.90,23.07,47.09,1014.44
11.11.2021,14:26:22,23.20,55.50,23.09,50.06,1014.32
11.11.2021,15:26:27,23.20,56.30,23.09,50.65,1013.99
11.11.2021,16:26:32,23.10,55.40,22.97,49.94,1013.20
11.11.2021,17:26:37,23.30,57.20,23.17,51.31,1013.02
11.11.2021,18:26:42,23.30,57.20,23.25,51.32,1012.89
11.11.2021,19:26:47,23.40,58.10,23.27,51.96,1012.76
11.11.2021,20:26:52,23.50,59.00,23.35,52.73,1012.44
11.11.2021,21:26:57,23.50,59.10,23.37,52.95,1012.32
11.11.2021,22:27:02,23.60,59.30,23.42,53.05,1012.81
11.11.2021,23:27:07,23.50,59.40,23.43,53.14,1012.71
11.11.2021,24:27:12,23.50,59.00,23.29,52.93,1012.32
12.11.2021,01:27:17,23.30,59.00,23.17,52.87,1012.04
12.11.2021,02:27:22,23.20,59.10,23.05,53.02,1011.87
12.11.2021,03:27:26,23.10,59.20,22.93,53.16,1011.82
12.11.2021,04:27:31,23.00,59.40,22.84,53.24,1011.23
12.11.2021,05:27:36,22.90,59.40,22.75,53.48,1011.20
12.11.2021,06:27:41,23.10,59.40,23.03,53.26,1010.97
12.11.2021,07:27:46,23.10,59.50,22.97,53.23,1010.77
12.11.2021,08:27:51,23.10,59.70,22.95,53.49,1010.87
12.11.2021,09:27:56,23.20,59.90,23.07,53.67,1010.73
12.11.2021,10:28:01,23.40,59.60,23.22,53.39,1010.47
12.11.2021,11:28:06,23.60,59.50,23.41,52.79,1010.01
12.11.2021,12:28:11,23.70,59.20,23.55,52.76,1009.93
12.11.2021,13:28:16,23.70,59.70,23.58,52.82,1009.94
12.11.2021,14:28:21,23.70,59.70,23.58,53.32,1009.79
12.11.2021,15:28:25,23.80,59.90,23.61,53.50,1009.64
12.11.2021,16:28:30,23.90,59.50,23.74,53.02,1009.71
12.11.2021,17:28:35,24.00,59.60,23.80,53.33,1009.82
12.11.2021,18:28:40,24.10,59.80,23.97,53.36,1010.00
12.11.2021,19:28:45,24.10,60.10,23.94,53.48,1010.32
12.11.2021,20:28:50,24.10,60.80,23.92,54.12,1010.64
12.11.2021,21:28:55,24.00,61.20,23.93,54.47,1011.24
12.11.2021,22:29:00,24.00,61.60,23.88,54.91,1011.41
12.11.2021,23:29:05,23.90,61.10,23.76,54.54,1011.62
12.11.2021,24:29:10,23.80,61.00,23.63,54.46,1011.89
13.11.2021,01:29:15,23.60,60.80,23.48,54.40,1011.68
13.11.2021,02:29:20,23.50,60.80,23.34,54.38,1012.10
13.11.2021,03:29:25,23.30,60.70,23.19,54.33,1012.36
13.11.2021,04:29:30,23.20,60.40,23.08,53.94,1012.21
13.11.2021,05:29:34,23.10,60.20,23.02,53.94,1012.64
13.11.2021,06:29:39,23.30,59.80,23.08,53.61,1013.19
13.11.2021,07:29:44,23.20,59.10,23.05,53.01,1013.63
13.11.2021,08:29:49,23.30,59.50,23.14,53.37,1014.01
13.11.2021,09:29:54,23.40,59.60,23.25,53.43,1014.10
13.11.2021,10:29:59,23.60,59.80,23.44,53.42,1014.16
13.11.2021,11:30:04,23.70,59.70,23.56,53.33,1014.26
13.11.2021,12:30:09,23.80,59.50,23.67,53.13,1014.37
13.11.2021,13:30:14,24.00,59.50,23.83,53.09,1014.61
13.11.2021,14:30:19,24.30,59.40,24.12,53.11,1014.83
13.11.2021,15:30:24,24.40,59.90,24.24,53.38,1015.30
13.11.2021,16:30:29,24.30,60.80,24.21,54.04,1015.44
13.11.2021,17:30:34,24.50,60.80,24.32,54.14,1015.27
13.11.2021,18:30:39,24.40,60.90,24.29,54.30,1015.23
13.11.2021,19:30:43,24.40,60.70,24.26,54.21,1015.19
13.11.2021,20:30:48,24.30,60.10,24.20,53.65,1015.41
13.11.2021,21:30:53,24.30,59.70,24.08,53.39,1016.15
13.11.2021,22:30:58,24.10,59.60,23.99,53.35,1016.25
13.11.2021,23:31:03,24.00,59.20,23.78,52.99,1016.10
13.11.2021,24:31:08,23.80,59.40,23.59,53.08,1016.13
14.11.2021,01:31:13,23.60,59.50,23.43,53.19,1015.98
14.11.2021,02:31:18,23.40,59.10,23.26,52.95,1015.83
14.11.2021,03:31:23,23.20,58.90,23.10,52.87,1015.81
14.11.2021,04:31:28,23.10,58.70,22.97,52.63,1016.28
14.11.2021,05:31:33,23.10,58.90,22.91,52.81,1016.43
14.11.2021,06:31:38,23.20,58.60,23.01,52.66,1016.13
14.11.2021,07:31:42,23.10,58.60,22.97,52.50,1016.69
14.11.2021,08:31:47,23.10,58.30,22.88,52.37,1016.85
14.11.2021,09:31:52,23.10,59.00,22.91,52.93,1017.37
14.11.2021,10:31:57,23.20,58.90,23.02,52.98,1017.43
14.11.2021,11:32:02,23.40,59.70,23.22,53.39,1017.53
14.11.2021,12:32:07,23.50,59.10,23.40,52.91,1017.51
14.11.2021,13:32:12,23.80,59.00,23.60,52.48,1017.56
14.11.2021,14:32:17,24.00,58.80,23.78,52.53,1017.35
14.11.2021,15:32:22,24.20,59.00,24.01,52.65,1017.39
14.11.2021,16:32:27,24.30,59.20,24.15,52.70,1017.12
14.11.2021,17:32:32,24.40,59.30,24.18,52.99,1017.23
14.11.2021,18:32:37,24.20,56.70,24.05,50.93,1017.09
14.11.2021,19:32:42,24.00,58.90,23.82,52.78,1017.22
14.11.2021,20:32:46,24.10,61.30,23.92,53.88,1017.53
14.11.2021,21:32:51,24.10,61.40,24.01,54.80,1018.13
14.11.2021,22:32:56,24.40,60.40,24.31,53.77,1018.78
14.11.2021,23:33:01,24.40,59.40,24.31,52.82,1019.11
14.11.2021,24:33:06,24.30,58.90,24.17,52.58,1019.11
15.11.2021,01:33:11,24.10,58.60,24.01,52.26,1018.98
15.11.2021,02:33:16,23.90,58.40,23.85,52.12,1019.17
15.11.2021,03:33:21,23.60,58.70,23.53,52.47,1019.47
15.11.2021,04:33:26,23.30,59.10,23.21,52.81,1019.46
15.11.2021,05:33:31,23.10,59.40,22.94,53.11,1019.60
15.11.2021,06:33:36,23.10,59.20,22.94,53.19,1019.69
15.11.2021,07:33:41,23.40,57.60,23.22,51.71,1020.35
15.11.2021,08:33:46,23.40,58.40,23.25,52.28,1020.63
15.11.2021,09:33:50,23.50,58.30,23.37,52.34,1020.93
15.11.2021,10:33:55,23.50,58.60,23.40,52.47,1021.36
15.11.2021,11:34:00,23.60,58.80,23.46,52.64,1021.49
15.11.2021,12:34:05,23.70,58.90,23.55,52.81,1021.75
15.11.2021,13:34:10,23.80,58.70,23.66,52.62,1021.96
15.11.2021,14:34:15,23.90,58.60,23.71,52.58,1022.32
15.11.2021,15:34:20,24.00,58.40,23.81,52.46,1022.69
15.11.2021,16:34:25,23.90,58.10,23.72,52.01,1023.21
15.11.2021,17:34:30,23.70,58.30,23.58,52.29,1023.67
15.11.2021,18:34:35,23.70,58.90,23.58,52.77,1023.73
15.11.2021,19:34:40,23.70,58.60,23.56,52.56,1024.10
15.11.2021,20:34:45,23.80,57.20,23.75,51.33,1024.38
15.11.2021,21:34:50,23.80,56.20,23.70,50.65,1024.61
15.11.2021,22:34:54,23.80,56.20,23.64,50.44,1024.96
15.11.2021,23:34:59,23.50,55.30,23.36,49.65,1025.03
15.11.2021,24:35:04,23.20,55.20,23.10,49.69,1025.17
16.11.2021,01:35:09,23.00,55.20,22.88,49.62,1025.30
16.11.2021,02:35:14,22.80,54.90,22.68,49.43,1025.11
16.11.2021,03:35:19,22.60,54.80,22.51,49.36,1025.05
16.11.2021,04:35:24,22.50,54.80,22.33,49.41,1025.13
16.11.2021,05:35:29,22.40,55.50,22.23,50.08,1025.32
16.11.2021,06:35:34,22.50,55.30,22.29,49.86,1025.41
16.11.2021,07:35:39,22.60,55.50,22.49,50.05,1025.83
16.11.2021,08:35:44,22.90,55.80,22.73,50.26,1026.02
16.11.2021,09:35:49,23.10,55.40,23.01,49.82,1026.01
16.11.2021,10:35:54,23.10,55.10,22.98,49.63,1026.07
16.11.2021,11:35:58,23.20,55.70,23.05,50.14,1026.18
16.11.2021,12:36:03,23.40,55.60,23.29,49.96,1026.37
16.11.2021,13:36:08,23.60,55.50,23.53,50.08,1026.47
16.11.2021,14:36:13,23.90,56.30,23.72,50.68,1026.59
16.11.2021,15:36:18,24.10,56.00,23.94,50.67,1026.40
16.11.2021,16:36:23,24.20,53.20,24.07,49.24,1026.49
16.11.2021,17:36:28,24.20,53.30,24.11,48.55,1026.60
16.11.2021,18:36:33,24.30,51.00,24.12,46.17,1026.63
16.11.2021,19:36:38,24.20,50.40,24.04,45.71,1026.84
16.11.2021,20:36:43,23.60,52.20,23.55,46.90,1027.26
16.11.2021,21:36:48,23.10,54.10,23.00,48.83,1027.69
16.11.2021,22:36:53,23.50,55.10,23.40,49.61,1027.98
16.11.2021,23:36:58,23.70,55.30,23.59,49.79,1028.06
16.11.2021,24:37:02,23.80,54.70,23.62,49.15,1028.17
17.11.2021,01:37:07,23.60,53.80,23.45,48.50,1028.26
17.11.2021,02:37:12,23.40,53.00,23.27,47.79,1028.36
17.11.2021,03:37:17,23.20,52.70,23.08,47.54,1028.05
17.11.2021,04:37:22,23.00,52.80,22.92,47.64,1027.95
17.11.2021,05:37:27,22.90,52.80,22.75,47.75,1028.00
17.11.2021,06:37:32,22.90,53.40,22.69,48.27,1028.31
17.11.2021,07:37:37,23.10,54.90,22.99,49.51,1028.54
17.11.2021,08:37:42,23.40,54.80,23.31,49.43,1028.65
17.11.2021,09:37:47,23.50,54.70,23.44,49.38,1028.77
17.11.2021,10:37:52,23.60,56.30,23.53,50.55,1028.57
17.11.2021,11:37:57,23.90,54.60,23.74,49.23,1028.32
17.11.2021,12:38:02,24.10,55.40,23.96,49.68,1028.02
17.11.2021,13:38:06,24.30,55.50,24.15,49.77,1027.54
17.11.2021,14:38:11,24.50,55.90,24.35,50.10,1027.22
17.11.2021,15:38:16,24.70,56.20,24.55,50.45,1027.01
17.11.2021,16:38:21,24.90,56.60,24.73,50.76,1026.54
17.11.2021,17:38:26,25.10,54.50,25.03,49.27,1026.29
17.11.2021,18:38:31,25.50,54.70,25.32,49.09,1026.06
17.11.2021,19:38:36,25.60,54.70,25.51,48.59,1026.21
17.11.2021,20:38:41,25.80,51.90,25.69,46.85,1026.19
17.11.2021,21:38:46,25.10,55.50,25.05,49.71,1026.26
17.11.2021,22:38:51,25.00,56.20,24.99,50.25,1026.09
17.11.2021,23:38:56,25.30,56.00,25.21,50.07,1025.81
17.11.2021,24:39:01,25.10,56.00,25.10,50.01,1025.64
18.11.2021,01:39:06,24.90,56.20,24.88,50.23,1025.55
18.11.2021,02:39:10,24.70,56.20,24.60,50.30,1025.51
18.11.2021,03:39:15,24.50,56.10,24.40,50.28,1025.22
18.11.2021,04:39:20,24.40,56.30,24.28,50.46,1025.07
18.11.2021,05:39:25,24.10,56.20,24.09,50.42,1025.09
18.11.2021,06:39:30,24.10,56.70,23.99,50.96,1025.23
18.11.2021,07:39:35,24.30,57.10,24.23,51.16,1025.51
18.11.2021,08:39:40,24.60,57.30,24.51,51.37,1025.58
18.11.2021,09:39:45,24.80,57.20,24.69,51.20,1025.42
18.11.2021,10:39:50,24.90,56.80,24.80,50.89,1025.12
18.11.2021,11:39:55,25.10,57.50,25.04,51.23,1024.76
18.11.2021,12:40:00,25.50,55.20,25.42,49.75,1024.34
18.11.2021,13:40:05,26.00,53.70,25.85,48.14,1024.04
18.11.2021,14:40:10,26.40,52.40,26.22,46.83,1023.74
18.11.2021,15:40:14,26.80,51.10,26.59,46.55,1023.32
18.11.2021,16:40:19,27.10,51.30,26.94,46.48,1022.76
18.11.2021,17:40:24,27.40,51.10,27.22,45.88,1022.03
18.11.2021,18:40:29,27.50,50.30,27.41,44.75,1021.63
18.11.2021,19:40:34,27.50,49.80,27.35,45.86,1021.53
18.11.2021,20:40:39,27.00,54.80,26.92,48.93,1021.61
18.11.2021,21:40:44,26.20,57.90,26.18,51.73,1021.99
18.11.2021,22:40:49,26.10,55.70,26.01,49.71,1021.94
18.11.2021,23:40:54,25.80,54.50,25.69,48.73,1021.97
Date,Time,ITemp,IHumidity,OTemp,OHumidity,Pressure
18.11.2021,24:34:42,25.30,54.40,25.29,48.80,1021.95
19.11.2021,01:34:47,25.60,55.10,25.51,49.38,1021.97
19.11.2021,02:34:52,25.60,55.10,25.50,49.41,1021.77
19.11.2021,03:34:57,25.50,55.30,25.40,49.59,1021.41
19.11.2021,04:35:01,25.40,55.50,25.29,49.74,1021.15
19.11.2021,05:35:06,25.30,55.40,25.23,49.64,1021.04
19.11.2021,06:35:11,25.20,55.30,25.09,49.64,1021.23
19.11.2021,07:35:16,25.30,55.50,25.22,49.90,1021.09
19.11.2021,08:35:21,24.50,60.70,24.35,54.22,1021.36
19.11.2021,09:35:26,24.70,60.70,24.53,54.28,1021.24
19.11.2021,10:35:31,25.00,61.20,24.91,54.66,1021.10
19.11.2021,11:35:36,25.50,59.90,25.32,53.63,1020.91
19.11.2021,12:35:41,25.90,57.90,25.74,51.92,1020.50
19.11.2021,13:35:46,26.40,56.40,26.21,50.60,1020.32
19.11.2021,14:35:51,27.00,54.60,26.79,49.45,1019.92
19.11.2021,15:35:56,27.20,53.60,27.06,48.04,1019.42
19.11.2021,16:36:01,27.10,54.90,27.04,49.02,1018.92
19.11.2021,17:36:06,27.20,52.90,27.06,48.63,1018.66
19.11.2021,18:36:11,27.40,52.10,27.19,47.32,1018.40
19.11.2021,19:36:15,27.30,50.20,27.21,45.07,1018.64
19.11.2021,20:36:20,26.40,53.60,26.32,47.89,1019.07
19.11.2021,21:36:25,25.10,56.20,25.05,50.38,1019.60
19.11.2021,22:36:30,25.70,55.90,25.55,50.21,1019.85
19.11.2021,23:36:35,25.80,54.40,25.62,48.92,1019.88
19.11.2021,24:36:40,25.70,54.00,25.56,48.52,1019.85
20.11.2021,01:36:45,25.50,53.90,25.47,48.37,1019.53
20.11.2021,02:36:50,25.40,54.10,25.34,48.61,1019.42
20.11.2021,03:36:55,25.30,54.30,25.21,48.75,1019.26
20.11.2021,04:37:00,25.10,54.50,25.04,48.97,1019.13
20.11.2021,05:37:05,25.00,54.80,24.92,49.26,1019.33
20.11.2021,06:37:10,25.00,55.30,24.85,49.69,1019.38
20.11.2021,07:37:15,25.10,55.60,24.95,50.00,1019.36
20.11.2021,08:37:19,24.80,59.70,24.64,53.38,1019.50
20.11.2021,09:37:24,25.30,58.80,25.11,52.73,1019.28
20.11.2021,10:37:29,25.60,59.70,25.51,53.33,1019.06
20.11.2021,11:37:34,26.10,58.20,25.94,52.35,1018.85
20.11.2021,12:37:39,26.50,57.10,26.32,51.02,1018.57
20.11.2021,13:37:44,26.60,57.80,26.53,51.17,1018.30
20.11.2021,14:37:49,26.90,59.70,26.73,52.37,1018.16
20.11.2021,15:37:54,26.50,54.70,26.34,48.69,1018.46
20.11.2021,16:37:59,26.20,59.80,26.12,53.40,1018.90
20.11.2021,17:38:04,26.00,60.90,25.88,53.66,1018.98
20.11.2021,18:38:09,25.10,63.50,25.19,55.95,1019.37
20.11.2021,19:38:14,25.30,64.50,25.19,57.10,1019.02
20.11.2021,20:38:19,25.80,64.10,25.74,56.96,1019.61
20.11.2021,21:38:24,26.10,62.20,26.08,55.08,1020.25
20.11.2021,22:38:29,26.00,61.40,25.91,54.46,1020.40
20.11.2021,23:38:33,25.80,61.00,25.66,54.30,1020.57
20.11.2021,24:38:38,25.60,60.50,25.45,53.88,1020.63
21.11.2021,01:38:43,25.30,60.20,25.26,53.61,1020.75
21.11.2021,02:38:48,25.30,59.90,25.14,53.44,1020.75
21.11.2021,03:38:53,25.10,59.50,24.97,53.13,1020.90
21.11.2021,04:38:58,25.00,59.20,24.82,52.80,1021.04
21.11.2021,05:39:03,24.80,59.00,24.70,52.74,1021.21
21.11.2021,06:39:08,24.80,58.90,24.67,52.65,1021.63
21.11.2021,07:39:13,24.90,59.10,24.69,52.88,1022.02
21.11.2021,08:39:18,25.10,59.20,24.91,53.06,1022.34
21.11.2021,09:39:23,25.30,59.70,25.09,53.47,1022.37
21.11.2021,10:39:28,25.50,61.00,25.30,53.96,1022.54
21.11.2021,11:39:33,25.70,61.70,25.54,54.95,1022.61
21.11.2021,12:39:37,26.00,60.00,25.79,53.28,1022.42
21.11.2021,13:39:42,26.20,58.90,26.07,52.26,1022.21
21.11.2021,14:39:47,26.40,57.60,26.24,51.27,1022.01
21.11.2021,15:39:52,26.70,56.30,26.59,49.81,1021.93
21.11.2021,16:39:57,26.90,56.40,26.72,51.15,1021.87
21.11.2021,17:40:02,26.90,57.00,26.76,51.01,1021.85
21.11.2021,18:40:07,26.90,54.60,26.73,48.88,1022.03
21.11.2021,19:40:12,26.60,54.90,26.56,49.17,1022.37
21.11.2021,20:40:17,26.30,54.10,26.17,48.42,1022.66
21.11.2021,21:40:22,25.20,55.50,25.12,49.57,1023.14
21.11.2021,22:40:27,25.70,56.10,25.59,50.29,1023.28
21.11.2021,23:40:32,25.70,56.60,25.60,50.68,1023.45
21.11.2021,24:40:36,25.60,57.00,25.56,51.00,1023.50
22.11.2021,01:40:41,25.60,57.20,25.48,51.22,1023.43
22.11.2021,02:40:46,25.50,57.40,25.38,51.35,1023.35
22.11.2021,03:40:51,25.40,57.50,25.28,51.41,1023.24
22.11.2021,04:40:56,25.20,57.50,25.16,51.44,1023.24
22.11.2021,05:41:01,25.10,55.60,24.97,49.91,1023.38
22.11.2021,06:41:06,25.00,54.40,24.90,48.99,1023.49
22.11.2021,07:41:11,25.30,53.80,25.10,48.50,1023.54
22.11.2021,08:41:16,25.40,52.10,25.27,46.99,1023.53
22.11.2021,09:41:21,25.50,52.60,25.36,47.38,1023.43
22.11.2021,10:41:26,25.60,54.10,25.45,48.37,1023.34
22.11.2021,11:41:31,25.60,52.70,25.53,47.46,1023.19
22.11.2021,12:41:36,25.90,52.40,25.73,47.32,1022.79
22.11.2021,13:41:40,26.20,51.40,26.06,46.04,1022.17
22.11.2021,14:41:45,26.60,50.90,26.42,45.64,1021.65
22.11.2021,15:41:50,26.90,51.30,26.69,46.86,1021.22
22.11.2021,16:41:55,26.90,51.70,26.76,46.52,1020.78
22.11.2021,17:42:00,27.00,52.60,26.86,46.94,1020.30
22.11.2021,18:42:05,27.10,50.20,27.00,45.60,1019.84
22.11.2021,19:42:10,26.70,56.10,26.62,50.45,1020.15
22.11.2021,20:42:15,25.70,58.00,25.64,51.89,1020.51
22.11.2021,21:42:20,25.20,58.80,25.17,52.43,1020.86
22.11.2021,22:42:25,25.70,55.90,25.59,50.12,1020.87
22.11.2021,23:42:30,25.70,54.60,25.60,48.99,1020.85
22.11.2021,24:42:35,25.60,52.80,25.49,47.40,1020.93
23.11.2021,01:42:40,25.40,52.30,25.29,46.96,1020.85
23.11.2021,02:42:45,25.20,52.10,25.11,46.77,1020.59
23.11.2021,03:42:49,25.00,51.30,24.91,46.14,1020.31
23.11.2021,04:42:54,24.70,51.00,24.67,45.87,1020.09
23.11.2021,05:42:59,24.60,51.10,24.58,46.05,1019.83
23.11.2021,06:43:04,24.60,50.90,24.55,45.91,1019.98
23.11.2021,07:43:09,24.80,51.00,24.65,46.15,1019.75
23.11.2021,08:43:14,24.80,50.90,24.66,45.90,1019.54
23.11.2021,09:43:19,23.00,55.90,22.87,50.18,1019.34
23.11.2021,10:43:24,23.50,55.50,23.33,50.10,1018.73
23.11.2021,11:43:29,24.00,54.80,23.92,49.38,1017.89
23.11.2021,12:43:34,24.50,54.90,24.45,49.48,1017.36
23.11.2021,13:43:39,24.90,55.00,24.78,49.40,1016.92
23.11.2021,14:43:44,25.20,54.50,25.14,49.00,1016.04
23.11.2021,15:43:49,25.30,53.00,25.22,47.73,1015.67
23.11.2021,16:43:53,25.30,54.20,25.23,48.73,1015.25
23.11.2021,17:43:58,25.40,52.70,25.28,47.39,1014.77
23.11.2021,18:44:03,25.40,51.40,25.28,46.15,1014.21
23.11.2021,19:44:08,25.30,51.90,25.23,46.64,1013.72
23.11.2021,20:44:13,25.30,49.20,25.24,44.31,1013.35
23.11.2021,21:44:18,25.20,50.10,25.19,45.13,1013.43
23.11.2021,22:44:23,25.00,51.10,24.93,45.99,1014.18
23.11.2021,23:44:28,24.80,51.80,24.71,46.61,1014.08
23.11.2021,24:44:33,24.50,52.40,24.43,47.12,1013.26
24.11.2021,01:44:38,24.20,53.00,24.11,47.73,1011.83
24.11.2021,02:44:43,24.00,53.20,23.90,47.99,1010.54
24.11.2021,03:44:48,23.80,53.40,23.72,48.10,1010.69
24.11.2021,04:44:53,23.60,53.40,23.57,48.18,1010.15
24.11.2021,05:44:57,23.50,53.50,23.45,48.20,1010.06
24.11.2021,06:45:02,23.50,53.60,23.34,48.33,1009.77
24.11.2021,07:45:07,23.40,53.90,23.28,48.65,1009.53
24.11.2021,08:45:12,23.30,54.00,23.24,48.68,1009.28
24.11.2021,09:45:17,23.30,54.40,23.25,49.03,1008.40
24.11.2021,10:45:22,23.50,54.60,23.36,49.33,1007.58
24.11.2021,11:45:27,23.80,56.00,23.70,50.34,1008.03
24.11.2021,12:45:32,24.20,55.50,24.08,49.32,1007.98
24.11.2021,13:45:37,24.50,55.30,24.30,49.29,1007.97
24.11.2021,14:45:42,24.50,55.30,24.36,49.48,1007.86
24.11.2021,15:45:47,24.60,55.20,24.47,49.25,1007.56
24.11.2021,16:45:52,24.70,54.50,24.60,49.11,1007.34
24.11.2021,17:45:56,24.70,53.40,24.57,48.02,1007.51
24.11.2021,18:46:01,24.30,53.70,24.26,48.35,1007.40
24.11.2021,19:46:06,23.70,56.10,23.60,50.40,1007.53
24.11.2021,20:46:11,22.80,60.10,22.70,53.95,1007.33
24.11.2021,21:46:16,23.10,59.00,22.91,53.19,1007.79
24.11.2021,22:46:21,23.40,58.10,23.27,52.31,1008.26
24.11.2021,23:46:26,23.60,58.00,23.48,52.21,1007.94
24.11.2021,24:46:31,23.50,58.30,23.41,52.29,1007.67
25.11.2021,01:46:36,23.40,58.80,23.32,52.73,1007.30
25.11.2021,02:46:41,23.30,59.10,23.22,52.97,1007.19
25.11.2021,03:46:46,23.20,60.20,23.12,53.90,1006.85
25.11.2021,04:46:51,23.10,61.00,23.05,54.64,1006.55
25.11.2021,05:46:56,23.10,62.00,22.99,55.44,1006.42
25.11.2021,06:47:01,23.10,62.70,22.94,56.10,1006.46
25.11.2021,07:47:05,23.10,62.80,22.92,56.37,1006.59
25.11.2021,08:47:10,23.10,63.00,23.01,56.52,1006.70
25.11.2021,09:47:15,23.10,63.40,22.98,56.75,1006.85
25.11.2021,10:47:20,23.20,63.80,23.07,57.20,1006.99
25.11.2021,11:47:25,23.40,63.40,23.25,56.78,1007.15
25.11.2021,12:47:30,23.60,62.30,23.47,55.86,1007.12
25.11.2021,13:47:35,24.00,61.30,23.75,54.00,1006.94
25.11.2021,14:47:40,24.10,60.10,23.95,53.57,1006.76
25.11.2021,15:47:45,24.30,60.20,24.14,53.68,1006.69
25.11.2021,16:47:50,24.50,60.00,24.30,53.47,1006.89
25.11.2021,17:47:55,24.60,60.00,24.38,53.79,1007.47
25.11.2021,18:48:00,24.60,60.00,24.45,53.76,1007.65
25.11.2021,19:48:05,24.60,60.20,24.45,53.79,1007.91
25.11.2021,20:48:10,24.50,61.10,24.36,54.42,1008.19
25.11.2021,21:48:14,24.50,61.00,24.34,54.52,1008.74
25.11.2021,22:48:19,24.50,60.50,24.28,54.16,1009.13
25.11.2021,23:48:24,24.40,60.00,24.21,53.66,1009.07
25.11.2021,24:48:29,24.10,59.70,24.00,53.40,1009.21
26.11.2021,01:48:34,24.00,59.80,23.81,53.47,1008.98
26.11.2021,02:48:39,23.70,59.50,23.60,53.19,1009.00
26.11.2021,03:48:44,23.60,59.00,23.42,52.85,1008.90
26.11.2021,04:48:49,23.40,58.60,23.29,52.49,1009.01
26.11.2021,05:48:54,23.40,58.90,23.27,52.87,1009.23
26.11.2021,06:48:59,23.50,58.90,23.33,52.96,1009.34
26.11.2021,07:49:04,23.40,59.10,23.25,53.02,1009.37
26.11.2021,08:49:09,23.50,59.70,23.31,53.61,1009.64
26.11.2021,09:49:14,23.70,59.70,23.53,53.50,1009.67
